{
    "aggregates": {
        "dice_fh": 0.9401573795115356,
        "dice_ps": 0.8790159902000995,
        "dice_all": 0.9325550716869585,
        "hd_fh": 7.910990231816802,
        "hd_ps": 6.004057540033221,
        "hd_all": 8.969199761532598,
        "asd_fh": 2.780653631533631,
        "asd_ps": 1.9272339709549218,
        "asd_all": 2.5486895024396405,
        "aop": 5.132700183891362
    },
    "score": 0.9524945260064439
}